id,name,composer,effector,date,lv,lv_number,radar,s_tier,bpm,search_name,nickname
180001,Broken 8cmix,iroha(sasaki),,2012-01-18,HVN,18,,3,,,브로큰리믹스 / brokenremix
180002,Evans VolteX Pf arrange,cosMo＠暴走P,,2012-01-18,HVN,18,,7,,,
180003,冥 Rockin' SWING REMIX,164,,2012-03-12,INF,18,,9,,めい,명 리믹스
180004,Xepher Light and Darkness Dragon REMIX,デッドボールP,,2012-03-12,GRV,18,,5,,,제퍼리믹스 / 제퍼중
180005,FLOWER REDALiCE Remix,REDALiCE,,2012-03-28,INF,18,,3,,,
180006,neu BSP style,cosMo＠暴走P,,2012-04-26,XCD,18,,4,,,
180007,世界はネコのもの,Nem,,2012-04-26,XCD,18,,5,,せかいはねこのもの,세계는고양이의것
180008,Onigo,Hommarju,,2012-08-03,HVN,18,,3,,,52 / 오니고
180009,幻想のサテライト,豚乙女,,2012-09-21,HVN,18,,9,,げんそうのさてらいと,
180010,腐れ外道とチョコレゐト,ピノキオP,,2012-11-02,HVN,18,,10,,くされげどうとちょこれいと,썩어빠진외도와초콜릿
180011,V.I.P.,ismK,,2012-11-08,HVN,18,,2,,,VIP
180012,Absurd Gaff,siromaru,,2012-11-22,GRV,18,,2,,,앱가프 / 앱저드가프
180013,croiX,TeamGrimoire+あま猫,,2012-11-29,INF,18,,3,,,크로아 / 크로익스
180014,Max Burning!!,BlackY,,2012-11-29,INF,18,,4,,,
180015,PANIC HOLIC,C-Show,,2012-11-29,GRV,18,,9,,,
180016,魔理沙は大変なものを盗んでいきました,ARM(IOSYS),,2012-12-14,GRV,18,,3,,まりさはたいへんなものをぬすんでいきました,마리사는엄청난것을훔쳐갔습니다
180017,物凄い勢いでけーねが物凄いうた,Halozy feat. ななひら,,2012-12-14,XCD,18,,4,,ものすごいいきおいでけーねがものすごいうた,
180018,金縛りの逢を,はるなば,,2013-01-31,HVN,18,,9,,かなしばりのあいを,
180019,The world of sound,"Music by Ryuwitty, Vocal by Kuroa*",,2013-04-04,HVN,18,,3,,,월오사
180020,孤独の番人,SCL Project（natsuP）feat. MAYU,,2013-05-07,HVN,18,,6,,こどくのばんにん,
180021,Sakura Reflection (P*Light Slayer Remix),P*Light,,2013-06-05,VVD,18,,9,,,
180022,She is my wifeすーぱーアイドル☆ミツル子Remixちゃん,高井さんとuno(IOSYS),,2013-06-05,VVD,18,,3,,,
180023,Foolish Hero,lapix,,2013-06-05,XCD,18,,5,,,
180024,魔境堕天録サリエル,Unlucky Morpheus,,2013-06-20,HVN,18,,2,,まきょうだてんろくさりえる,?
180025,Qubism,Hate vs Brilliance,,2013-06-20,HVN,18,,6,,,
180026,VALLIS-NERIA,DJ YOSHITAKA,,2013-07-03,EXH,18,TRICKY,6,185,,
180027,こちら、幸福安心委員会です。,うたたP,,2013-07-03,VVD,18,,4,,こちら　こうふくあんしんいいんかいです,"여기는, 행복안심위원회입니다."
180028,C18H27NO3,Team Grimoire,,2013-07-18,HVN,18,,9,,,캡사이신
180029,Lieselotte,wa.,,2013-07-18,XCD,18,,9,,,리셀롯
180030,Joyeuse,ke-ji,,2013-08-02,VVD,18,,0,,,주와이외즈
180031,#Fairy_dancing_in_lake,uno(IOSYS),,2013-08-16,VVD,18,,4,,,페댄 / 페어리댄싱인레이크
180032,Unicorn tail Dustboxxxx RMX,Dustboxxxx,,2013-08-23,VVD,18,,9,,,
180033,Crack Traxxxx,Lite Show Magic (t+pazolite vs C-Show),,2013-10-02,GRV,18,,7,,,
180034,最終鬼畜妹フランドール・S,ビートまりお（COOL&CREATE）,,2013-10-04,GRV,18,,10,,さいしゅうきちくいもうとふらんどーる,
180035,ムーニャポヨポヨスッポコニャーゴ,全日本スッポコニャーゴ親衛隊,,2013-12-06,VVD,18,,1,,むーにゃぽよぽよすっぽこにゃーこ,무냐뽀요뽀요
180036,Bangin' Burst,かめりあ,,2013-12-27,EXH,18,,4,,,뱅버 / 뱅잉버스트
180037,For UltraPlayers,cosMo＠暴走P,,2013-12-27,EXH,18,,3,,,
180038,BLACK or WHITE?,BlackYooh vs. siromaru,,2013-12-27,EXH,18,,6,,,"블올화 "
180039,Last Concerto,ke-ji,,2013-12-27,GRV,18,,2,,,
180040,Hellfire,Hommarju,,2013-12-27,GRV,18,,4,,,
180041,超越してしまった彼女と其を生み落した理由,Ayatsugu_Otowa,,2013-12-27,HVN,18,,2,,ちょうえつしてしまったかのじょとそのをうみおとしたりよう,초월해버린그녀와그것을만들어낸이유 / 초월그녀
180042,おお われら喜び讃うべし、主よ,すのうまん,,2014-01-10,VVD,18,,7,,おおわれらよろこびたたうべし　しゅよ,
180043,上海紅茶館 ～ Chinese Tea Orchid Remix,Yooh,,2014-01-10,VVD,18,,5,,しゃんはいこうちゃかん,상해홍차관
180044,轟け！恋のビーンボール！！,ダイナミック野球兄弟 v.s. クロスファイヤーPrim,,2014-01-23,XCD,18,,5,,とどろけ　こいのびーんぼーる,빈볼 / ***
180045,デッドボヲルdeホームラン,猫叉Masterβ2,,2014-01-23,XCD,18,,3,,でっとぼをdeほーむらん,
180046,crazy cinema story,黒魔,,2014-03-06,XCD,18,,2,,,
180047,Black Emperor,黒魔,,2014-03-20,EXH,18,,1,,,흑제 / 블랙엠퍼러
180048,Harpuia,BlackY,,2014-03-20,HVN,18,,4,,,
180049,ボルテ体操第一,Kaoru feat.FG75,,2014-04-11,XCD,18,,4,,ぼるてたいそうだいいち,보르테체조
180050,Idola,iconoclasm feat.GUMI,,2014-06-26,HVN,18,,3,,,이돌라 / 이도라
180051,INSECTICIDE,Camellia,,2014-07-30,EXH,18,,5,,,살충제
180052,Growth Memories,Hidra-Xjeil,,2014-08-14,EXH,18,,8,,,성장기억 / 성기
180053,Wish upon Twin Stars,xi,,2014-08-14,GRV,18,,3,,,
180054,CODE -CRiMSON-,Shiron,,2014-08-14,GRV,18,,3,,,
180055,werewolf howls.,かめりあ,,2014-09-26,EXH,18,,4,,,
180056,VILE CAT,TAKU1175,,2014-10-10,EXH,18,,8,,,
180057,The Sampling Paradise (P*Light Remix),P*Light,,2014-12-26,XCD,18,,3,,,샘플파
180058,Invitation from Mr.C,C-Show,,2015-02-27,EXH,18,,8,,,
180059,LegenD.,Yooh,,2015-02-27,EXH,18,,3,,,
180060,World's end,Noah,,2015-02-27,EXH,18,,1,,,
180061,tricky trick,kamome sano,,2015-03-11,EXH,18,,9,,,
180062,KAC 2012 ULTIMATE MEDLEY -HISTORIA SOUND VOLTEX-,FLOOR LEGENDS -KAC 2012-,,2015-03-22,GRV,18,,4,,,캌메들리
180063,Sayonara Planet Wars,黒魔,,2015-04-01,EXH,18,,3,,,
180064,混乱少女♥そふらんちゃん!!,かめりあ feat. ななひら,,2015-04-01,EXH,18,,2,,こんらんしょうじょ　そふらんちゃん,혼란소녀소후란짱
180065,到達してしまった僕らと夢と希望の最之果,Ayatsugu_Otowa,,2015-04-01,EXH,18,,6,,とうたつしてしまったぼくらとゆめときぼうのさいのはて,
180066,Chant du Cygne,ke-ji,,2015-04-01,XCD,18,,3,,,샹두시네
180067,HAVOX,BlackY vs. Yooh,,2015-04-30,EXH,18,,3,,,
180068,Pon-Pon-Pompoko Dai-Sen-Saw!,黒魔,,2015-06-24,EXH,18,,6,,,
180069,"gigadelic (かめりあ's ""The TERA"" RMX)",かめりあ,,2015-07-01,EXH,18,,3,,,
180070,INF-B《L-aste-R》,かねこちはる,,2015-07-16,EXH,18,,2,,,infblaster / 인피비
180071,Opium and Purple haze,D.watt(OTAKU-ELITE Recordings),,2015-07-30,GRV,18,,10,,,
180072,灼熱Beach Side Bunny,DJ Mass MAD Izm*,,2015-08-07,EXH,18,,3,,しゃくねつ,작열
180073,UnivEarth,Antinomic Paradox,,2015-08-13,EXH,18,,4,,,
180074,Ops:Code-Rapture-,Getty vs. DJ DiA,,2015-08-13,EXH,18,,6,,,
180075,Le Fruit Défendu,モリモリあつし+Verdammt,,2015-08-13,XCD,18,,7,,,lefruitdefendu
180076,veRtrageS,Riz vs. Shiron,,2015-08-21,EXH,18,,4,,,
180077,ΑΩ,BlackY,,2015-08-21,EXH,18,,7,,,알옴 / 알파오메가
180078,Blastix Riotz,"かめりあ as ""Bang Riot""",,2015-08-21,EXH,18,,3,,,
180079,Preserved Valkyria,ぺのれり,,2015-08-21,EXH,18,,5,,,
180080,XyHATTE,cosMo＠暴走Ultimate,,2015-08-21,EXH,18,,6,,,사이하테
180081,消失,cosMo＠暴走P,,2015-08-28,EXH,18,,3,,しょうしつ,소실
180082,Warriors Aboot,RoughSketch vs MAD CHILD,,2015-09-17,EXH,18,,5,,,
180083,Firestorm,ETIA.,,2015-09-17,EXH,18,TSUMAMI,5,177,,
180084,ちくわパフェだよ☆ＣＫＰ,日向美ビタースイーツ♪,,2015-10-01,XCD,18,,2,,ちくわぱふぃだよ,치쿠와
180085,FLOWER,DJ YOSHITAKA 「jubeat」より,,2015-10-08,EXH,18,,9,,,
180086,きたさいたま2000,LindaAI-CUE（BNGI）「太鼓の達人」より,,2015-10-08,EXH,18,,2,,-,키타사이타마
180087,Garakuta Doll Play,t+pazolite 「maimai」より,,2015-10-08,HVN,18,,2,,,
180088,マサカリブレイド,REDALiCE,,2015-10-15,EXH,18,,7,,まさかりぶれいど,
180089,ドーパミン,U1 overground,,2015-10-29,EXH,18,,3,,どーぱみん,도파민
180090,HAELE III ~Angel Worlds~,Yu_Asahina ft. Ritsuka,,2015-11-13,GRV,18,PEAK,5,185,,
180091,月光乱舞,P*Light,,2015-11-26,EXH,18,,8,,げっこうらんぶ,월광난무
180092,Seraphim,Yooh,,2015-12-04,EXH,18,,7,,,
180093,Angels And Demons,すのうまん,,2015-12-04,EXH,18,,7,,,
180094,ムラサキグルマ,ここなつ Produced by はるなば,,2015-12-10,EXH,18,,6,,むらさきぐるま,무라사키
180095,冥天・ヘメロカリス,u-z,,2015-12-24,EXH,18,,6,,めいてん　へめろかりす,
180096,XHAOS JUDGE,BlackYooh vs. siromaru,,2015-12-24,EXH,18,,2,,,카오스저지 / 카저지
180097,NEO GRAVITY,lapix,,2016-02-05,EXH,18,,8,,,
180098,End to end,Noah,,2016-02-05,EXH,18,,4,,,엔투엔
180099,EMPIRE OF FLAME,かめりあ,,2016-02-05,EXH,18,,2,,,엠오플
180100,Lachryma《Re:Queen’M》,かねこちはる,,2016-02-05,EXH,18,,4,,,라크리마레퀴엠 / lachrymarequuenm / requiem
180101,雲の彼方,Cororo,,2016-02-05,XCD,18,,4,,くものかなた,구름의저편
180102,Candy Colored Hearts,はるなば,,2016-02-05,XCD,18,,2,,,
180103,NEO GRAVITY,lapix,,2016-02-05,XCD,18,,3,,,
180104,JEHANNEDARC,BlackY,,2016-02-25,EXH,18,,9,,,잔다르크
180105,伐折羅-vajra-,DJ TOTTO VS 兎々,,2016-02-25,EXH,18,,4,,vajra,바즈라
180106,Demise Quartet,Shiron＋こふ×モリモリあつしと提供でお送りします。,,2016-03-03,EXH,18,,7,,,디마이스콰르텟 / 디마이즈콰르텟
180107,KAC 2013 ULTIMATE MEDLEY -HISTORIA SOUND VOLTEX- Emperor Side,FLOOR LEGENDS -KAC 2013-,,2016-03-05,EXH,18,,4,,,캌메들리엠퍼러
180108,MG277,eicaTV vs kanone,,2016-03-18,EXH,18,,2,,,망가277
180109,Fox4 -Raize-,Getty vs. DJ DiA,,2016-03-18,EXH,18,,5,,,"fox4raize, foxforraize"
180110,REVOLVER,sky_delta,,2016-03-18,EXH,18,,6,,,
180111,Renegade Fruits,t+pazolite,,2016-04-01,GRV,18,,9,,,
180112,XROSS THE XOUL,BlackY vs. Yooh,,2016-04-01,GRV,18,,6,,,크로스더소울 / 크소울
180113,The star in eclipse,しーけー,,2016-04-28,XCD,18,,8,,,
180114,侍Annihilate!!,QURELESS,,2016-05-26,EXH,18,,7,,-,
180115,Endless GRAVITY,kanone,,2016-05-26,EXH,18,,3,,,
180116,Ultimate Ascension,かめりあ,,2016-06-30,EXH,18,,8,,,
180117,Ok!! Hug Me,はるなば,,2016-07-28,GRV,18,,7,,,
180118,Celestial stinger,Noah,,2016-08-04,GRV,18,,5,,,
180119,Completeness Under Incompleteness,"かめりあ as ""Reverse of Riot""",,2016-08-04,GRV,18,PEAK,2,194,,컴인컴
180120,B.B.K.K.B.K.K.,nora2r,,2016-08-04,XCD,18,,9,,,베이스킥
180121,NEO TREASON,lapix,,2016-08-10,GRV,18,,6,,,
180122,Angelic Jelly,t+pazolite,,2016-08-10,GRV,18,,8,,,
180123,Triple Counter,"DJ YOSHITAKA meets dj
  TAKA",,2016-08-10,GRV,18,,9,,,
180124,FLügeL 《Λrp:ΣggyØ》,かねこちはる,,2016-08-17,EXH,18,,4,,,플뤼겔아르페지오
180125,↓↓↓,庭師,,2016-09-15,EXH,18,,10,,とりじゅうか,트리주카 / 토리주카 / trijuuka
180126,Prayer,ぺのれり,,2016-09-15,EXH,18,,8,,,
180127,GEOMETRIA,Shiron,,2016-09-15,EXH,18,,4,,,
180128,IKAROS DYNAMITE!!!!,BlackY,,2016-09-15,EXH,18,,7,,,
180129,絶対零度,かねこちはる,,2016-09-15,EXH,18,,8,,ぜったいれいど,절대영도
180130,アルティメットトゥルース -Phantasm-,ふりらい feat. あにょ,,2016-10-06,EXH,18,,4,,あるてぃめっととぅるーす,
180131,東方妖々夢 ULTIMATE MEDLEY,uma vs. モリモリあつし,,2016-10-06,EXH,18,,9,,とうほうようようむ,동방요요몽얼티밋메들리 / 동방메들리
180132,極圏,cosMo VS dj TAKA,,2016-10-14,EXH,18,,5,,きょくけん,극권
180133,Quaint Echo,KLing(Aoi+Yunosuke),,2016-11-17,EXH,18,,3,,,
180134,#Endroll,"uno & D.watt
  (IOSYS TRAX)",9911,2016-11-17,EXH,18,,5,,,엔드롤
180135,Solar Storm,xi「グルーヴコースター 3リンクフィーバー」より,,2016-11-18,EXH,18,,5,,,
180136,Dreadnought,Mastermind(xi+nora2r),,2016-12-21,MXM,18,,4,,,
180137,TRICKL4SH 220,Lite Show Magic,,2016-12-21,MXM,18,,5,,,
180138,永遠に幸せになる方法、見つけました。,うたたP,,2016-12-21,MXM,18,,4,,えいえんにしあわせになるほうほう　みつけました,"영원히행복해지는방법,찾았습니다."
180139,キュリオシティ,庭師,,2016-12-28,MXM,18,,1,,きゅりおしてぃ,큐리오시티
180140,Noisy Minority,DJ Grimoire,,2016-12-28,MXM,18,,6,,,
180141,ドリームエンド・サバイバー,ぽんきち,,2017-01-05,MXM,18,,9,,どりーむえんど　さばいばー,드림엔드서바이벌
180142,準備運動,すのうまん,,2017-01-18,MXM,18,,1,,じゅんびうんどう,준비운동
180143,Fin.ArcDeaR,MisoilePunch♪ ～タケノコ添え～,,2017-02-17,EXH,18,,10,,,
180144,Make Magic,Lite Show Magic,,2017-02-17,MXM,18,,5,,,
180145,壊Rave*it!! 壊Rave*it!!,LeaF,,2017-03-03,MXM,18,,4,,こわrave,
180146,Boss Rush,USAO,,2017-03-03,MXM,18,,9,,,
180147,恋歌疾風！かるたクイーンいろは,ねこまんまチーム！,,2017-03-09,MXM,18,,9,,こいうたしっぷう　かるたくりーんいろは,
180148,Gamerz FestivaL,うさぎ愛好会(cosMo×syuri22),,2017-03-17,MXM,18,,5,,,
180149,超☆超☆光☆速☆出☆前☆最☆速!!! スピード★スター★かなで,かめりあ feat. ななひら,,2017-03-17,MXM,18,,3,,ちょうちょうこうそく　でまえさいそく　すぴーどすたー　かなで,초초광속출전최속스피드스타카나데
180150,ΩVERSOUL,BlackY,,2017-03-17,MXM,18,,1,,,오버소울
180151,Rebellio,MAX MAXIMIZER VS DJ TOTTO,,2017-03-17,MXM,18,,2,,,
180152,POLICY BREAK Medley from SOUND VOLTEX×jubeat,"United Composers from
  jubeat",,2017-03-31,MXM,18,,4,,,
180153,FLOOR INFECTION Medley from SOUND VOLTEX×jubeat,United Composers from SOUND VOLTEX,,2017-04-07,MXM,18,,4,,,플로어메들리
180154,Cepheus,しらこいし,,2017-04-13,MXM,18,,4,,,제페우스 / 세페우스
180155,The Formula,Junk,,2017-04-20,MXM,18,,10,,,
180156,We Go Down,DJ Genki feat. SHIN from HYPERNOVA With 三代,,2017-04-26,MXM,18,,5,,,
180157,The Golden Era,polysha,,2017-06-15,MXM,18,,7,,,
180158,FIRE IN MY HEART,Spacelectro,,2017-06-29,MXM,18,,8,,,
180159,雷鼓サンダービート,ARM(IOSYS) feat.ビートまりお(COOL&CREATE),,2017-06-29,MXM,18,,7,,らいこさんだーびーと,썬더비트
180160,Gorgetech,Shiron,,2017-07-14,MXM,18,,5,,,
180161,Sweet Requiem,REDALiCE & aran,,2017-07-14,MXM,18,,9,,,
180162,SACRIFICE feat. ayame,Alstroemeria Records,,2017-07-20,MXM,18,,5,,,
180163,JUNKIE FLAVOR,yaseta + Hidra-Xjeil,,2017-07-27,MXM,18,,1,,,
180164,Legendary Road,kanone,,2017-07-27,MXM,18,,2,,,
180165,PUPA,モリモリあつし,,2017-08-03,MXM,18,,3,,,
180166,Theme of Ricerca,HuΣeR feat.ゆきまめ,,2017-08-08,MXM,18,,9,,,
180167,FIN4LE～終止線の彼方へ～,カモメサノエレクトリックオーケストラ,,2017-08-10,EXH,18,,2,,しゅうしせんのかなてえ,피날레
180168,WHITEOUT,かねこちはる,,2017-08-10,EXH,18,,8,,,
180169,神獄烙桜,かゆき,,2017-08-10,MXM,18,,4,,かんごくらくおう,신옥낙앵
180170,Juggler's Maddness,Lite Show Magic,,2017-08-10,MXM,18,,5,,,
180171,ULTiMATE INFLATiON,cosMo＠暴走Genocider,,2017-08-10,MXM,18,,5,,,
180172,Mirrorwall,BlackY,,2017-08-10,MXM,18,,2,,,
180173,Concertino in Blue,佐々木博史,,2017-08-16,MXM,18,,1,,,
180174,Spirit of the Beast,ikaruga_nex fw.tcheb,,2017-08-25,MXM,18,,7,,,
180175,Grand-Guignol,モリモリあつし,,2017-08-25,MXM,18,,9,,,***
180176,のぼれ八坂坂！,ビートまりおとARM,,2017-08-31,MXM,18,,7,,のぼれやさかざか,
180177,Glitter Flatter Scatter,Project B-,,2017-09-07,MXM,18,,6,,,
180178,Ghost Trigger,u-z feat.CHERICa,,2017-09-14,MXM,18,,7,,,
180179,Doppelganger,LeaF,,2017-09-14,MXM,18,,2,,,
180180,Scarlet Lance,MASAKI（ZUNTATA）「グルーヴコースター」より,,2017-10-13,MXM,18,,4,,,
180181,怒槌,光吉猛修「CHUNITHM」より,,2017-10-13,MXM,18,,3,,いかずち,
180182,セイクリッド ルイン,Drop＆祇羽 feat. 葉月ゆら「太鼓の達人」より,,2017-10-13,MXM,18,,8,,せいくりっどるいん,세이크리드루인
180183,HP:1,Verdammt,,2017-10-26,MXM,18,,4,,,딸피
180184,GERBERA,"BEMANI Sound Team ""TAG""",,2017-11-02,MXM,18,,2,,,
180185,BEAST BASS BOMB,Hommarju,,2017-11-16,MXM,18,,7,,,비비비 / bbb
180186,OPEN MY GATE,ARM×狐夢想 feat. RINA (I've),,2017-11-16,MXM,18,,9,,,
180187,Hug!! Vs. Hug!!,はるなば,,2017-11-16,MXM,18,,2,,,
180188,#SpeedyCats,RoughSketch a.k.a. uno(IOSYS),,2017-11-16,MXM,18,,2,,,스피디캣츠
180189,DropZ-Line-,Getty vs. DJ DiA,,2017-11-30,MXM,18,,5,,,
180190,Khionos TiARA,Ellim Gnirps vs よみぃ,,2017-11-30,MXM,18,,3,,,
180191,Goddess Bless you,winddrums,,2017-11-30,MXM,18,,8,,,
180192,Be a Hero!,中島由貴,,2017-11-30,MXM,18,,6,,,히어로
180193,KAC 2013 ULTIMATE MEDLEY -HISTORIA SOUND VOLTEX- Empress Side,FLOOR LEGENDS -KAC 2013-,,2017-12-14,EXH,18,,2,,,캌메들리엠프레스
180194,Lowermost revolt,かめりあ feat. 歌劇派学生,,2017-12-21,MXM,18,,4,,,
180195,極彩天奏,かゆき,,2017-12-21,MXM,18,,3,,ごくさいてんそう,극채천추
180196,НУМЛ,Zutt,,2018-01-09,MXM,18,,1,,,“힘”
180197,びいすと！,ビートまりおとARM,,2018-01-18,MXM,18,,10,,-,비스토 / 비스트
180198,メイビ～初恋！？ビスケット☆大作戦,DJ TOTTO×mitsu feat.BisCo(CV:洲崎綾),,2018-01-18,MXM,18,,6,,めいび　はつこい　びすけっと　だいさくせん,
180199,MONOLITH,TOMOSUKE,,2018-02-01,MXM,18,,10,,,
180200,I,黒魔,,2018-02-22,EXH,18,,8,,,
180201,Cloud 9,雄之助,,2018-02-22,MXM,18,,4,,,클9
180202,Sacrifice and Faith,ℱsinfonia（Yu_Asahina　溝口ゆうま　かなたん　大瀬良 あい）,,2018-02-22,MXM,18,,6,,,
180203,神話に芽吹く,Cororo,,2018-02-22,MXM,18,,1,,しんわにめぶく,"신화싹 / "
180204,ワールズエンド・ダンスホール,wowaka,,2018-03-08,MXM,18,,9,,わーるずえんど　だんすほーる,월드엔드댄스홀
180205,crossing blue,ぺのれり,,2018-03-22,MXM,18,,7,,,
180206,BlueMoon Princess,うさぎ愛好会(cosMo×syuri22),,2018-03-22,MXM,18,,6,,,
180207,Яe's NoVǢ,からとP feat.リた☆,,2018-03-22,MXM,18,,8,,,레스노바에
180208,Wings of Glory,Crawk × Capchii,,2018-03-22,MXM,18,,7,,,
180209,Sky High,Cuvelia,,2018-04-13,MXM,18,,4,,,
180210,CHERNOBOG,漆黒のEBONY,,2018-04-13,MXM,18,,6,,,
180211,業焔繚乱,BlackY,,2018-04-13,GRV,18,,4,,ごうえんりょうらん,
180212,New Leaf,BlackY vs. Yooh,,2018-04-26,MXM,18,,10,,,
180213,Re：End of a Dream,uma vs. モリモリあつし,,2018-04-26,MXM,18,,2,,,리엔드
180214,RHYZING BEAT,PHQUASE,,2018-04-26,MXM,18,,7,,,
180215,Evans,DJ YOSHITAKA,,2018-04-26,MXM,18,,7,,,
180216,SAtAN,P*Light,,2018-05-17,MXM,18,,3,,,
180217,Divine's:Bugscript,かゆき,,2018-05-17,MXM,18,,3,,,
180218,LastΩmegA,BlackY,,2018-06-07,MXM,18,,6,,,lastomega
180219,誰が為に兎は舞う ＝狂速狂騒曲＝,うさぎ愛好会(cosMo×syuri22),,2018-06-07,MXM,18,,8,,たがためにうさぎはまう　きょうそくきょうそうきょうく,누군가를위해토끼는춤을춘다 / 광속광소곡
180220,Touch My Body,anubasu-anubasu,,2018-06-07,MXM,18,,9,,,
180221,Redshift,technoplanet,,2018-06-07,MXM,18,,8,,,
180222,ECHIDNA,HuΣeR,,2018-06-15,MXM,18,,5,,,에키드나
180223,Nexta,lapix,,2018-06-15,GRV,18,,4,,,
180224,MeteorGlow Aftermath,pan,,2018-06-28,MXM,18,,3,,,
180225,Gate of Atlantis,MasKaleido,,2018-06-28,MXM,18,,4,,,게오아
180226,KIMIDORI Streak!!,梅干茶漬け,,2018-06-28,MXM,18,,10,,,
180227,BLAZING_LAZER,brz1128,,2018-07-12,MXM,18,,10,,,
180228,Reb∞t,"BEMANI Sound Team ""TAG""",,2018-07-12,GRV,18,,5,,,
180229,Victim of Nights,すのうまん,,2018-07-19,MXM,18,,8,,,
180230,Levier'n NābYss,MisoilePunch♪ ~Take No Complete~,,2018-07-27,MXM,18,,7,,,leviernnabyss
180231,ホワイトパレード,梅干茶漬け,,2018-07-27,MXM,18,,7,,ほわいとぱれーど,화이트퍼레이드
180232,Xronièr,"かめりあ as ""fluX Xroisé""",,2018-08-09,EXH,18,,2,,,스로니어 / 크로니어
180233,そして黄金郷へ,TAKU1175 × かにまゆ,,2018-08-09,MXM,18,,4,,そしておうごんきょうえ,
180234,光射す澪のユズリハ,Cororo feat.Yuria Miyazono,,2018-08-09,MXM,18,,5,,ひかりさすみおのゆずりは,
180235,サイコパスラビット,うさぎ愛好会PSYCHOPATH(cosMo×syuri22),,2018-08-09,MXM,18,,3,,さいこぱすらびっと,사이코패스래빗 / 사이코버니
180236,オニユリ,ぺのれり,,2018-08-09,MXM,18,,5,,おにゆり,오니유리
180237,水簾ノ調,Capchii × Crawk,,2018-08-09,MXM,18,,10,,すいれんのしらべ,수렴의조
180238,スラッシュ//シスターズ,はるなば with すずしろ&桃箱,,2018-08-09,MXM,18,,10,,すらっしゅ　しすたーず,
180239,Black night,Noah,,2018-08-16,MXM,18,,10,,,
180240,まじかる生主＠りすなちゃん,DJ SHARPNEL feat. みらい,,2018-08-16,GRV,18,,7,,まじかるなまぬし　りすなちゃん,
180241,Puberty Dysthymia,"BEMANI Sound Team ""person09""",,2018-08-23,MXM,18,,4,,,
180242,SUPER SUMMER SALE,"BEMANI Sound Team ""U1 overground""",,2018-08-23,MXM,18,,9,,,
180243,Prey,"BEMANI Sound Team ""Dustup""",,2018-08-23,MXM,18,,3,,,
180244,Breakin' Asia,かたぎり,,2018-08-30,MXM,18,,10,,,
180245,Lunatic Sprinter,さわわ,,2018-08-30,MXM,18,,7,,,
180246,Beyond the BLUE,Ayato × sak × 田島千種,,2018-09-06,MXM,18,,8,,,
180247,Akzeriyyuth,Team&Dj Grimoire,,2018-09-06,MXM,18,ONE HAND,10,195,,악제리우스 / 악제리유스 / 앜제리유스 / 앜제리우스
180248,Night Rockin' Bird,kanone,,2018-09-13,MXM,18,,9,,,
180249,Venomous Firefly,かめりあ,,2018-09-13,MXM,18,,1,264,,
180250,Nostalgic Blood of the Strife,Laur,,2018-09-13,MXM,18,,5,,,
180251,PROVOES*PROPOSE <<êl fine>>,"Yu_Asahina as ""papyrus""",,2018-09-13,GRV,18,,2,,,프로보스프로포즈 / 엘피네
180252,STULTI,MAX MAXIMIZER VS DJ TOTTO,,2018-10-04,MXM,18,,2,,,
180253,お米の美味しい炊き方、そしてお米を食べることによるその効果。,大日本鉄倶楽部【あさき＆９６】,,2018-10-04,MXM,18,,8,,おこめのおいしいたきかた　そしておこめをたべることによるそのこうか,쌀먹 / ***
180254,GAIA,猫叉L.E.D.Master+,,2018-10-04,MXM,18,,9,,,
180255,Xevel,Tatsh「CHUNITHM」より,,2018-10-25,MXM,18,,2,,,제벨
180256,ouroboros -twin stroke of the end-,Cranky VS MASAKI「グルーヴコースター」より,,2018-10-25,MXM,18,,4,,,
180257,Taiko Drum Monster,steμ feat. siroa「太鼓の達人」より,,2018-10-25,MXM,18,,7,,,
180258,Midnight City Warfare,sky_delta,,2018-11-15,MXM,18,,6,,,
180259,†渚の小悪魔ラヴリィ～レイディオ†,夏色ビキニのPrim,,2018-11-15,MXM,18,,6,,なぎさのこあくまぁぶりぃ　れいでぃお,해변의소악마 / 러블리라디오
180260,Divine's or Deal,winddrums vs cosMo,,2018-11-21,MXM,18,,8,,,
180261,ファイナルレター,かねこちはる,,2018-11-21,MXM,18,,8,,ふぁいなるれたー,
180262,Catch Our Fire!,中島由貴,,2018-11-21,MXM,18,,8,,,
180263,Yum Yum Sweetie,t+pazolite,,2018-12-13,MXM,18,,2,,,얌얌스위티 / 냠냠스위티
180264,MODEL FT4,"BEMANI Sound Team ""Mutsuhiko Izumi""",,2018-12-20,MXM,18,,5,,,
180265,She Turns Me On,"BEMANI Sound Team ""Sota Fujimori""",,2018-12-27,GRV,18,,10,,,
180266,REDO the NIGHT,岸田教団＆THE明星ロケッツ,,2018-12-27,GRV,18,,10,,,
180267,ALTONA,SOUND HOLIC Vs. SWING HOLIC,,2018-12-27,GRV,18,,10,,,
180268,真っ白な靴,豚乙女,,2018-12-27,GRV,18,,10,,まっしろなくつ,새하얀구두 / ***
180269,*Feels Seasickness...*,かめりあ,,2019-02-07,EXH,18,,3,,,뱃멀미
180270,ΣmbryØ,かぼちゃ,,2019-02-07,EXH,18,,6,,,엠브리오
180271,THE HEAVEN,Juggernaut.,,2019-02-07,MXM,18,,4,,,
180272,祝福の色彩は想い結ぶ君たち迄,Yu-dachi,,2019-02-07,MXM,18,,3,,しゅくふくのしきさいはおもいむすぶきみたちまで,축복색채 / 축복의색채는마음을이어가는너희들까지
180273,ULTRAVELOCITY,はがね,,2019-02-07,MXM,18,,5,,,
180274,Destiny,Yooh,,2019-02-07,MXM,18,,7,,,
180275,V,TAKA,,2019-02-13,MXM,18,,4,,,
180276,消失 (Hommarju Remix),cosMo＠暴走P,,2019-02-28,MXM,18,,7,,しょうしつ,소실오마주리믹스
180277,怪盗Ｆの台本 ～消えたダイヤの謎～,ひとしずく×やま△ feat.松下、eclair、おさむらいさん、柿チョコ、コニー、しゅーず、che:櫻井、nero、びびあん、mao（bass）、ゆう十、リシェ,,2019-02-28,MXM,18,,7,,かいとうFの　きえたぢいやのなぞ,
180278,ARROW RAIN feat. ayame,Alstroemeria Records,,2019-02-28,MXM,18,,3,,,화살비 / 애로우레인
180279,GALAXY BURST,かめりあ,,2019-02-28,MXM,18,,5,,,
180280,lEyl,t+pazolite feat. incl*incr,,2019-02-28,MXM,18,,7,,,***
180281,On take SUN,Sampling Masters MEGA,,2019-02-28,MXM,18,,8,,,
180282,GaLaXyEggPlanT,sasakure.UK,,2019-02-28,MXM,18,,7,,,
180283,Jack-the-Ripper◆,sasakure.UK,,2019-02-28,MXM,18,,7,,,
180284,び,立秋 feat.ちょこ,,2019-03-15,MXM,18,,2,,-,“비”
180285,無魎大数,cosMo＠暴走P,,2019-03-15,MXM,18,,6,,むりょうたいすう,무량대수
180286,翠雨の祷,Cororo feat.Yuria Miyazono,,2019-03-28,MXM,18,,9,,すいうのいの,
180287,Aurolla,MisoilePunch♪,,2019-03-28,MXM,18,,7,,,오로라
180288,SociuS,Ellim Gnirps vs よみぃ,,2019-03-28,MXM,18,,5,,,
180289,Glorious Journey,古屋直雪,,2019-03-28,MXM,18,,6,,,
180290,アオアラシ,やどりぎ,,2019-04-11,MXM,18,,9,,あおあらし,아오아라시
180291,Enchanté,winddrums,,2019-04-11,MXM,18,,9,,,엉셩테 / 엔찬테 / enchante
180292,Atropa bella-donna,HOUJIROU,,2019-04-26,MXM,18,,7,,,벨라돈나
180293,Barbatos,Crawk × Capchii,,2019-04-26,MXM,18,,4,,,
180294,Xicholauncher,隣の庭は青い(庭師+Aoi),,2019-04-26,MXM,18,,9,,,사이코런처 / 시코런처
180295,ツマミ戦隊 タテレンジャー,ツマミ戦隊 タテレンジャー,,2019-04-26,MXM,18,,2,,つまみせんたいたてらんじゃー,타테레인저 / 타테렌
180296,諏訪大信仰,ビートまりお＋あまね（COOL&CREATE）,,2019-05-09,MXM,18,,10,,すわだいしんこう,스와신사신앙 / 스와대신앙
180297,To:BrandNewDeadline,せいぎのあおぢる,,2019-05-23,MXM,18,,5,,,
180298,Cloud Crasher,Hommarju,,2019-05-23,GRV,18,,6,,,
180299,Barbless Ego,MAD CHILD,,2019-05-23,GRV,18,,10,,,바블리스에고 / 바블리스이고
180300,FIRST：DREAMS,uma vs. モリモリあつし,,2019-06-13,MXM,18,,6,,,firstdreams
180301,JǛPITΨR ♃ GЯÃVITÝ,YumAeL ex. 溝口ゆうま,,2019-06-13,MXM,18,,7,,,jupitergravity
180302,rE:Voltagers,Tanchiky,,2019-06-19,GRV,18,,9,,,
180303,Liar rain,しーけー,,2019-06-19,GRV,18,,8,,,
180304,V Sen5eS,MasKaleido VS 709sec.,,2019-06-27,MXM,18,,9,,,
180305,Cynical Joker,brz1128,,2019-07-11,MXM,18,,8,,,
180306,eighth-slave,Yu_Asahina,,2019-07-11,MXM,18,,7,,,
180307,mqlo,C-Show,,2019-07-11,MXM,18,PEAK,8,,,
180308,LECTORIA,Cranky,,2019-07-18,MXM,18,,4,,,
180309,Dogeza Stairs,ビートまりお（COOL&CREATE）,,2019-07-25,MXM,18,,4,,,
180310,Aerial Fortress,xi,,2019-08-01,MXM,18,,1,,,
180311,ΣgØ,かぼちゃ,,2019-08-08,EXH,18,,7,,,에고
180312,星の透る夏空に願う,Yu-dachi,,2019-08-08,MXM,18,,4,,ほしのとおるなつぞらにねがう,
180313,Sudden Visitor,黒魔,,2019-08-08,MXM,18,,8,,,
180314,ΩVERFLOW,BlackY,,2019-08-08,MXM,18,,6,,,오버플로우
180315,petits fours,kamome sano,,2019-08-08,MXM,18,,9,,,
180316,Black Lotus,wa.,,2019-08-08,MXM,18,,8,,,
180317,Typhoon Craaash!!,A-One,,2019-08-29,GRV,18,,6,,,
180318,ねこみみ(=ФωФ=)ぱんでみみっく,ねこみりん feat.小宮真央,,2019-08-29,GRV,18,,7,,-,네코미미
180319,ミッドナイト☆WAR,いちか,,2019-09-12,MXM,18,,8,,みっどないと,미드나이트 워
180320,最小三倍完全数,DJ TECHNORCH,,2019-09-12,MXM,18,TSUMAMI,9,220,さいしょうさんばいかんぜんすう,
180321,Nhelv,Silentroom,,2019-09-19,MXM,18,,6,,,
180322,PARTY TIME!,RoughSketch & Hommarju,,2019-09-27,MXM,18,,7,,,
180323,タイムトラベル,モリモリあつし,,2019-09-27,GRV,18,,4,,たいむとらぶる,타임트래블 / 시간여행
180324,"* Erm, could it be a Spatiotemporal ShockWAVE Syndrome...?",かめりあ,,2019-10-10,EXH,18,,1,,,숔웨 / 쇼크웨이브신드롬
180325,Pulsar,はがね,,2019-10-10,MXM,18,,4,,,
180326,Butterfly Twist,Yooh,,2019-10-10,MXM,18,,7,,,나비꼬기
180327,pique,星野音楽工房,,2019-10-10,MXM,18,,1,,,피끄 / 피크
180328,Teufel,Hommarju,,2019-10-10,MXM,18,,7,,,
180329,Believe In Yourself,kors k,,2019-10-25,GRV,18,,9,,,
180330,OZONE,"BEMANI Sound Team ""Sota Fujimori""",,2019-10-25,GRV,18,,9,,,
180331,Turn the story,technoplanet feat. Kuroto Sion,,2019-11-14,MXM,18,,2,,,
180332,Call of the World,お月さま交響曲,,2019-11-14,MXM,18,,3,,,
180333,Jacob’s Elevator,まろん (IOSYS),,2019-11-14,MXM,18,,6,,,
180334,Übertreffen,TAKA respect for J.S.B.,,2019-11-14,MXM,18,,1,,,위버트레펜
180335,蛇神,Zektbach,,2019-11-14,MXM,18,,6,,かがち,사신
180336,ランカーキラーガール,中島由貴 × いちか,,2019-11-27,MXM,18,,8,,らんかーきらーがーる,랭커킬러걸
180337,Vividly Impromptu,BlackY,,2019-12-12,MXM,18,,5,,,
180338,Valanga (polysha Remix),polysha,,2019-12-12,MXM,18,,3,,,
180339,Elemental Creation (kamome sano Remix),kamome sano,,2020-01-17,MXM,18,,2,,,원창리믹스 / 원창카모메리믹스
180340,666,RoughSketch,,2020-02-27,EXH,18,,7,,,
180341,Katharsis,u-z feat.CHERICa,,2020-02-27,MXM,18,,3,,,
180342,ZEИITH,Ashrount vs polysha,,2020-02-27,MXM,18,,1,,,제니스
180343,SAMURAI TIGER,ぽんきち&ゆんゆん,,2020-02-27,MXM,18,,2,,,
180344,Bolérrot,かねこちはる,,2020-06-04,MXM,18,,9,,,볼레로 / bolerrot
180345,MeteorA,Verseus,,2020-06-04,MXM,18,,3,,,
180346,L9,paraoka,,2020-06-11,MXM,18,,5,,,
180347,Mynarco(Nagomu 2Step Remix),Akizuki Nagomu feat. fu-ko,,2020-06-11,MXM,18,,8,,,
180348,Our Love,lapix,,2020-06-15,MXM,18,,9,,,
180349,Nebulas,"BEMANI Sound Team ""Yvya""",,2020-06-18,MXM,18,,3,,,
180350,αρχη,Dormir,,2020-06-18,MXM,18,,4,,あるけ,아르케
180351,トマヨイ,Spacelectro feat.椎木レク,,2020-06-25,VVD,18,,6,,とまよい,토마요이
180352,Over The Top,Ashrount,,2020-06-25,VVD,18,,4,,,
180353,World of Iris,polysha,,2020-06-25,VVD,18,,8,,,
180354,Re：Elemental Creation,uma meets モリモリあつし,,2020-07-16,MXM,18,,2,,,리엘크 / 원소재창조
180355,Ichi-Go! DX Pancake!,梅干茶漬け,,2020-07-30,VVD,18,,6,,,
180356,おはようからおやすみまでかまってポメポメ,立秋 feat.ちょこ,,2020-07-30,VVD,18,,8,,おはようからおやすみまでかまってぽめぽめ,포메포메
180357,memento mori-intro-,あさき,,2020-08-12,MXM,18,,4,,,
180358,VVelcome!!,MisoilePunch♪,,2020-08-13,EXH,18,,5,,,
180359,ミュージックプレイヤー,Retropolitaliens(Ms.+駄々子),,2020-08-13,MXM,18,,10,,みゅーじっくぷれいやー,뮤직플레이어
180360,春告胡蝶,BlackY feat. Risa Yuzuki,,2020-08-13,MXM,18,,7,,はるつげこちょう,
180361,GEMINI LA2ER,ミカルコスモ(せらみかる×cosMo＠暴走P),,2020-08-13,MXM,18,,5,,,geminilazer / geminilaser / 잼민이
180362,Яe:son D'être,SCHOOL CASTE(石見＆とおる),,2020-08-13,MXM,18,,1,,,레종데트레
180363,METATRON,SHIKI,,2020-08-27,MXM,18,,9,,,
180364,Leviathan,山本真央樹,,2020-09-02,MXM,18,,6,,,
180365,Electric Injury,siqlo,,2020-09-03,VVD,18,,5,,,
180366,月々紅花,7mai,,2020-09-03,VVD,18,,6,,げつげつこうか,월월홍화
180367,New Decade,Sota F.,,2020-09-16,MXM,18,,8,,,
180368,m1dy Deluxe,m1dy,,2020-09-23,MXM,18,,4,,,미디럭스 / midydeluxe
180369,狂水一華,"BEMANI Sound Team ""HuΣeR Vs. SYUNN"" feat.いちか",,2020-09-30,MXM,18,,8,,きょうすいいちか,광수일화
180370,Lazurite,sazanami,,2020-10-07,MXM,18,,8,,,
180371,Innocent,Alkome,,2020-10-07,MXM,18,,5,,,
180372,Ethereal Lotus,wa. + 杠葉えりか,,2020-10-07,MXM,18,,9,,,
180373,Φnd:you,かゆき,,2020-10-29,MXM,18,,8,,,파인드유
180374,Valkyrja ~Aldrlag~,ℱsinfonia (Yu_Asahina 溝口ゆうま かなたん 大瀬良あい),,2020-10-29,MXM,18,,8,,,
180375,Blessing Bouquet,setu-O,,2020-10-29,MXM,18,,8,,,
180376,Ring！Run！Nyan!!,MisomyL,,2020-11-04,VVD,18,,6,,,
180377,SLEEPWALKER,monoq+RIZARDI,,2020-11-04,VVD,18,,8,,,
180378,プログレなぞなぞクイズのテーマ,"BEMANI Sound Team ""プログレッシブなぞなぞ星人""",,2020-11-18,MXM,18,,3,,ぷろぐれなぞなぞくいずのてーま,
180379,MAYHEM,RoughSketch x CANVAS feat. Quimär,,2020-11-19,EXH,18,,9,,,
180380,With It This Heaven?,technoplanet,,2020-11-19,MXM,18,,5,,,
180381,apo:llioth,Juggernaut.,,2020-11-19,MXM,18,,8,,,아폴리오스 / apollioth
180382,Thank you for your playing music,かぼちゃ feat. miko,,2020-12-24,MXM,18,,8,,,
180383,Defining Future,！すでのな,,2020-12-24,MXM,18,,8,,,
180384,eternite,Ryo Arue,,2020-12-24,MXM,18,,7,,,
180385,世界の果てに約束の凱歌を-VOLTEX Mix-,"BEMANI Sound Team ""Sota Fujimori""",,2020-12-24,MXM,18,,4,,せかいのはてにやくそくのがいかを,"약속개가 / "
180386,Symphonic Tear,"BEMANI Sound Team ""TAG""",,2020-12-24,MXM,18,,10,,,
180387,#EmoCloche,#EmoCosine,9912,2021-02-17,MXM,18,,8,,,에모클로셰 / 이모클로셰
180388,EMERALDAS (Yuta Imai Remix),Yuta Imai,,2021-02-17,MXM,18,,9,,,
180389,POSSESSION(Aoi Q.E.D. RMX),Aoi,,2021-02-17,MXM,18,,3,,,
180390,Scars of FAUNA(ろひ Remix),ろひ,,2021-02-17,MXM,18,,9,,,
180391,Air,SHIKI,,2021-02-17,MXM,18,,8,,,
180392,Destr0yer,削除 feat. Nikki Simmons,,2021-02-17,MXM,18,,6,,,
180393,緋色月下、狂咲ノ絶 (nayuta 2017 ver),EastNewSound,,2021-02-17,MXM,18,,3,,ひいろげっか　きょうしょうのぜつ,비색월하
180394,WARNING×WARNING×WARNING,暁Records,,2021-02-17,MXM,18,,7,,,
180395,プナイプナイたいそう,立秋 feat.ちょこ,,2021-02-17,MXM,18,,6,,ぷないぷないたいそう,
180396,Innocent Azure,kuro,,2021-02-24,MXM,18,,10,,,
180397,Souhait bleu,しーけー,,2021-02-24,MXM,18,,6,,,
180398,ラヴ♡チャンス!!,Ponchi♪ feat.はぁち,,2021-02-24,MXM,18,,7,,らヴ　ちゃんす,러브찬스
180399,Vanishing Eidos,めと（Metomate）,,2021-03-03,MXM,18,,4,,,
180400,Metagame Matador,RoughSketch vs MAD CHILD,,2021-03-03,MXM,18,,9,160,,
180401,SuperMiracleEnsemble,fnylsp,,2021-03-03,MXM,18,,2,,,
180402,りむむむむむむ,立秋 feat.ちょこ,,2021-03-11,MXM,18,,8,,-,리무무무무무무
180403,恋愛♡悪戯！？まじかる☆ぱふゅ～む！！,さわわ feat.杠葉えりか＆凜々,,2021-03-11,MXM,18,,9,,***,
180404,Elemental Creation -xiRemix-,xi,,2021-03-18,MXM,18,,5,,,원창리믹스 / 원창자이리믹스
180405,Macuilxochitl (Latin Jazz Mix),technoplanet,,2021-03-18,MXM,18,,2,,,마퀼
180406,nostos-ark remix-,Se-U-Ra + しーけー,,2021-03-18,MXM,18,,10,,,
180407,#Namescapes,#Namescapes,,2021-03-25,MXM,18,,6,,,네임스케이프 / 넴스
180408,Verflucht,Tyrfing,,2021-04-07,MXM,18,,1,,,벨플루트
180409,FEEL THE FORCE,brz1128,,2021-04-15,MXM,18,,8,,,
180410,EGOISM 440 (Ange;art remix),Ange;art,,2021-04-28,MXM,18,,5,,,
180411,ばらんが!!!!,かめりあ feat. ななひら,,2021-04-28,MXM,18,,2,,-,바랑가 / 발랑가
180412,ホイホイ☆幻想ホロイズム,COOL&CREATE × 宝鐘マリン with ホロイズムファンタジー,,2021-04-28,MXM,18,,8,,ほいほい　げんそうほろいずむ,환상홀로라이브
180413,PSYCHO+HEROES,かめりあ,,2021-04-28,VVD,18,,7,,,
180414,Your SOUL Is Mine,fZy,,2021-04-28,VVD,18,,7,,,
180415,€omet popcorn,pan,9962,2021-04-28,VVD,18,,9,,,코멧팝콘
180416,Hurt me plenty,Noah,,2021-04-28,VVD,18,,8,,,
180417,Cappuccino Hearts,nora2r,,2021-05-20,MXM,18,,8,,,
180418,Vallasotiena,ろひ,,2021-06-10,MXM,18,,9,,,
180419,G4ME ØVEЯ,Takenoko boy feat. metyao,,2021-06-10,MXM,18,,8,,,gameover
180420,Restless Waitress,winddrums,,2021-06-17,MXM,18,,10,,,
180421,Pure Ruby,SHIKI,,2021-07-01,MXM,18,,7,,,
180422,Destined Marionette,ビートまりお（COOL&CREATE）,,2021-08-05,MXM,18,,5,,,
180423,カジノファイヤーことみちゃん,ARM feat. 山本椛 + Brasscapsule,,2021-08-12,MXM,18,,6,,かじのふぁいやーことみちゃん,***
180424,End of Guilty,kanone,,2021-08-26,MXM,18,,3,,,
180425,Puni Puni Parade,MARON (IOSYS),,2021-08-26,MXM,18,,9,,,
180426,ユメブキ,"紫崎 雪,Risa Yuzuki,709sec. by BEMANI Sound Team ""PHQUASE & SYUNN""",,2021-08-26,MXM,18,,9,,ゆめぶき,유메부키
180427,限界突破リザレクション,まろん vs. モリモリあつし feat. ビートまりお,,2021-09-02,MXM,18,,9,,げんかいとっぱれざれくしょん,한계돌파리저렉션
180428,まみむめ🍄まるっと🍄まっしゅるーむ🍄🍄,"かめりあ as ""まいたけラヴ"" feat. ななひら as ""エリンギ大好き""",,2021-09-16,MXM,18,,9,,-,머시룸 / 머쉬룸 / 버섯
180429,The King Of Red,Hommarju,,2021-09-16,MXM,18,,3,,,
180430,STEEL NEEDLE,Scorpion,,2021-09-22,MXM,18,,7,,,
180431,R.I.P.ゴシップの海,cosMo＠暴走P,,2021-09-30,MXM,18,,8,,,
180432,《Re:miniscence》,かねこちはる,,2021-10-07,EXH,18,,2,,,레미니센스 / reminiscence
180433,Triple Cross,"BEMANI Sound Team ""dj TAKA & DJ YOSHITAKA & SYUNN""",,2021-10-07,MXM,18,,8,,,
180434,XXanadu#climaXX,概念,,2021-10-14,MXM,18,,6,,,
180435,Bigbang Faker,BlackY,,2021-10-14,MXM,18,,10,,,
180436,Going My Future!,#EmoCosine,,2021-11-11,MXM,18,,7,,,고마퓨
180437,Archangelio,Juggernaut.,,2021-11-11,MXM,18,,3,,,아칸제리오 / 아칸젤리오
180438,スカーレット警察のゲットーパトロール24時,七条レタスグループ,,2021-11-18,MXM,18,,5,,すかーれっとけいさつのげっとーぱとろーる２４じ,
180439,天弓天華オトハナビ,ビートまりおとまろん,,2021-11-18,MXM,18,,9,,てんきゅうてんげおとはなび,
180440,藍の華,HIMEHINA,,2021-11-25,MXM,18,,8,,あいのはな,사랑의꽃 / ***
180441,Star☆Beat,PandaBoY feat.ななひら,,2021-12-01,MXM,18,,10,,,
180442,Red＋White＝Kawaii,こすも８ｂｉｔ,,2021-12-01,MXM,18,,7,,,
180443,Halloween Is Chaos,RoughSketch feat.北小路ヒスイ,,2021-12-09,MXM,18,,8,,,
180444,Refrain,お月さま交響曲,,2021-12-16,MXM,18,,3,,,
180445,～仔羊のナヴァラン・クリシェを添えて～,PiyoPiyo Kitchen,9934,2021-12-16,MXM,18,HAND TRIP,4,150,こひつじのなヴぁりん　くりしぇをそえて,자양의나발란클리셰를곁들여
180446,Unleashed Redness,DecisionS (kanone + nora2r),,2021-12-23,MXM,18,HAND TRIP,3,185,,
180447,party:stage,かゆき,,2021-12-23,MXM,18,,7,,,
180448,ゔぉるみっくす!!!!,かめりあ feat. ななひら,,2022-01-18,MXM,18,,2,,-,볼믹스
180449,Test Flight,黒魔,,2022-01-18,MXM,18,,4,,,
180450,Perfect Ultimate Celebration!!,2時間でPUCされたかぼちゃ,,2022-01-18,MXM,18,,7,,,
180451,Fegrix,Xceon vs DJ Command (Eurobeat Union),,2022-01-27,MXM,18,,4,,,
180452,XHRONOXAPSULΞ,Silentroom,,2022-02-15,EXH,18,,2,,,크로노캡슐 / 크캡
180453,All for One,CANVAS feat. Quimär,,2022-02-15,MXM,18,,1,,,
180454,Wings to fly high,Noah,,2022-02-15,MXM,18,,5,,,
180455,AIM HIGHER,U-ske feat. 棗いつき,,2022-02-15,MXM,18,,6,,,
180456,MixxioN,MisoilePunch♪,,2022-03-10,EXH,18,,2,,,믹션 / 미션 / 믹시온
180457,火狐之舞,影虎。,,2022-03-10,MXM,18,,4,,ひぎつねのまい,화호지무
180458,蝕,めと（Metomate）,,2022-03-10,MXM,18,,3,,しょく,“식”
180459,refluxio,Juggernaut.,,2022-03-10,MXM,18,,3,,,
180460,SPECIAL SUMMER CAMPAIGN!,Lucky Vacuum,,2022-03-30,MXM,18,,9,,,
180461,Crystalia,DJ TOTTO,,2022-03-30,MXM,18,,8,,,
180462,Decadence Mission,Jerico,,2022-04-25,MXM,18,,10,,,데카당스미션
180463,FAR GONE,493Water,,2022-04-25,MXM,18,,3,,,
180464,爆烈歓迎♪エクストリーム飲茶旋風脚ッ!!,BlackY feat. Risa Yuzuki,,2022-04-25,MXM,18,,6,,ばくれつかんげい　えくすとりーむやむちゃせんぷうきゃく,폭발환영익스트림음료선풍기
180465,Memory Flow,兎波かなで feat.とうな,,2022-04-25,MXM,18,,8,,,
180466,THE WORLD REVOLVING,Toby Fox,,2022-04-25,MXM,18,,4,,,
180467,GOODTEK,EBIMAYO,,2022-04-25,MXM,18,,6,,,
180468,DATAERR0R,Cosmograph,,2022-04-25,MXM,18,,10,,,
180469,フリコドウル,HIMEHINA,,2022-04-25,MXM,18,,7,,ふりこどうる,
180470,c2Theater,yaseta + Hidra-Xjeil,,2022-05-12,MXM,18,,7,,,씨투씨어터
180471,SHOCKER BREAKER,Yu_Asahina,,2022-05-12,MXM,18,,5,,,
180472,ROZELCIA,brz1128,,2022-05-26,MXM,18,,5,,,
180473,Corrupting Wonderland,u-z feat.CHERICa,,2022-05-26,MXM,18,,10,,,
180474,二分間の世界,Cororo,,2022-05-26,MXM,18,,6,,にふんかんのせかい,이분간의세계
180475,Kontrol Line,Yooh,,2022-06-30,MXM,18,,4,,,
180476,Twinkle Rookie,Halv,,2022-06-30,MXM,18,,8,,,
180477,Across the Starlight,かゆき,,2022-06-30,MXM,18,,4,,,
180478,PHOTON BLAXT,seatrus,,2022-06-30,MXM,18,,6,,,
180479,NOT YOUR IDOL,Yuta Imai,,2022-06-30,MXM,18,,4,,,
180480,Bl∞min',MisoilePunch♪ -Forever-,,2022-07-14,EXH,18,,5,,,블루밍 / bloomin’
180481,Grandeur,CANVAS x RoughSketch feat. Quimär,,2022-07-14,MXM,18,,6,,,
180482,Stairway to the sun,Noah,,2022-07-14,MXM,18,,7,,,
180483,極夜、暁を望んで,めと（Metomate）,,2022-07-14,MXM,18,,7,,きょくや　あかつきをのぞんで,
180484,Finale/ フィナーレ,Toby Fox,,2022-07-28,MXM,18,,5,,,플라위
180485,あいあむなんばーわんパトラちゃん様,周防パトラ,,2022-08-10,MXM,18,,3,,あいあむなんばーわんぱとらちゃんさま,아이엠넘버원파토라짱님
180486,いまきみに,"Silentroom as ""少年R""",,2022-08-18,EXH,18,,5,,-,이마키미니 / 지금너에게
180487,STIGMA,U-ske feat. 棗いつき,,2022-08-18,MXM,18,,7,,,
180488,光風霽月,影虎。,,2022-08-18,MXM,18,,2,,こうふうせいげつ,광풍제월
180489,Lost Parliament,Juggernaut.,,2022-08-18,MXM,18,,7,,,로팔라
180490,Revvable Engine,nora2r,,2022-09-01,MXM,18,,6,,,
180491,夢幻泡影,wa.,,2022-09-01,MXM,18,,3,,むげんほうよう,
180492,涙の女神と無形のエトワル,Yu-dachi,,2022-09-01,MXM,18,,2,,なみだのめがみとむけいのえとわる,눈물의여신과무형의에트와르 / 무형의에뚜왈
180493,SAVE the World,Toby Fox,,2022-09-15,MXM,18,,9,,,
180494,Battle Against a True Hero / 本物のヒーローとの戦い,Toby Fox,,2022-09-15,MXM,18,,7,,,언다인
180495,MEGALOVANIA,Toby Fox,,2022-09-15,MXM,18,,5,,,
180496,SHARK ATTACK,ryhki,,2022-10-06,MXM,18,,6,,,
180497,Imperator,Xe (αirlemoneX),,2022-10-06,MXM,18,,3,,,
180498,ØƵ,Hommarju ft. Mayumi Morinaga,,2022-10-06,MXM,18,,3,,,
180499,You Are My Best RivaL!!,cosMo＠暴走P,,2022-10-20,EXH,18,,4,,,라이벌
180500,Snowmelt,"nora2r × BEMANI Sound Team ""Yvya""",,2022-11-01,MXM,18,,4,,,
180501,White Stream,"BEMANI Sound Team ""ZAQUVA""",,2022-11-01,MXM,18,,4,,,
180502,神罰,cosMo＠暴走P,,2022-11-17,MXM,18,,1,,しんばつ,신벌
180503,Never Ending Future,#EmoCosine,,2022-11-17,MXM,18,,6,,,
180504,Hydroblast,Aoi vs. siromaru,,2022-11-17,MXM,18,,3,,,
180505,WINNING ROAD,setu-O,,2022-12-08,MXM,18,,1,,,
180506,Chat perché,Ange;art + Nota,,2022-12-08,MXM,18,,5,,,샤파셰 / 챗파르셰 / chatperche
180507,ENDGAME,Yuta Imai,,2022-12-15,MXM,18,,2,,,
180508,ИADIR,Ashrount vs polysha,,2022-12-15,MXM,18,,5,,,나디르
180509,graduation,星野音楽工房,,2022-12-22,MXM,18,,4,,,졸업
180510,MURASAME,Hommarju,,2022-12-22,MXM,18,,2,,,
180511,Ice Fortress,荒谷サトル,,2022-12-22,MXM,18,,3,,,
180512,Initiating League,EmoCosine vs. nora2r,,2022-12-29,MXM,18,,4,,,
180513,Scat Jazz Dance,Super Shrimp,,2022-12-29,MXM,18,,1,,,
180514,最果ての勇者にラブソングを,deli.+駄々子,,2023-01-05,MXM,18,,4,,さいはてのゆうしゃにらぶそんぐを,
180515,灼ナル刃、破カヰ譜,Symholic feat.狛茉璃奈,,2023-01-05,MXM,18,,7,,しゃくなるやいば　はかいうた,
180516,Petit espoir,しーけー,,2023-01-12,MXM,18,,5,,,
180517,Fl0ating:,yuichi NAGAO,,2023-01-12,MXM,18,,3,,,floating
180518,Paradigm Shift,あまみ×ひなみ,,2023-01-19,MXM,18,,5,,,
180519,イグノアザーズ,U-ske feat. 安土桃,,2023-01-19,MXM,18,,3,,いぐのあざーず,이그노어재즈
180520,Thousand Triggers,めと（Metomate）,,2023-01-26,MXM,18,,3,,,
180521,trea→journey,CHUBAY,,2023-01-26,MXM,18,,1,,,트레조니
180522,儚キ戀ノ幻想譚,まろん feat. あやぽんず＊ (森羅万象),,2023-02-02,MXM,18,,8,,はかなきこいのげんそうたん,
180523,禊,Nhato,,2023-02-02,MXM,18,,3,,みそぎ,미소기
180524,Tickled Pink,"BEMANI Sound Team ""ZAQUVA""",,2023-02-16,MXM,18,,6,,,
180525,過去を喰らう,花譜,,2023-03-09,MXM,18,,9,,かこをくらう,
180526,少年リップルズ,常盤ゆう,,2023-03-16,MXM,18,,4,,しょうねんれっぷるず,
180527,アガット,Bazole,,2023-03-16,MXM,18,,4,,あがっと,아가토 / ***
180528,Welcome to the Mosh Pit,lapix,,2023-03-16,MXM,18,,7,,,
180529,SuddeИDeath,xi vs. モリモリあつし,,2023-03-30,EXH,18,,2,,,서데 / 서든데스
180530,S(TAR)²☆pistol,Mono.,,2023-03-30,MXM,18,,8,,,
180531,Brave Power Leader 《 = Voltage = 》,概念,,2023-03-30,MXM,18,,7,,,BPL
180532,零天視,隣の庭は青い(庭師+Aoi),,2023-03-30,MXM,18,,4,,れいてんし,레이텐시
180533,Garland,ミハイル + K.key,,2023-03-30,MXM,18,,5,,,
180534,quaver♪,Risk Junk,,2023-04-13,MXM,18,,8,,,
180535,リリーゼと炎龍レーヴァテイン,黒猫ダンジョン,,2023-04-13,MXM,18,,6,,りりーぜとえんりゅうぇーヴぁでいん,
180536,ENERGY SYNERGY MATRIX,Tanchiky,,2023-04-27,MXM,18,,4,,,ESM
180537,Blossom,Synthion,,2023-04-27,MXM,18,,9,,,
180538,Zero-Day Exploit (One-Day Fusion Mix),庭師,,2023-04-27,MXM,18,,4,,,제로데이 리믹스
180539,Distorted Floor -Boosted-,M-UE vs. siromaru,,2023-04-27,MXM,18,,10,,,왜곡바닥리믹스
180540,"Hello, Hologram",HIMEHINA,,2023-04-27,MXM,18,,7,,,
180541,マツヨイナイトバグ,ビートまりおとまろん,,2023-05-18,MXM,18,,9,,まつよいないとばぐ,마츠요이나이트버그
180542,天穹のアルカナビット,打打だいず + Tanchiky + siromaru,,2023-06-01,MXM,18,,6,,てんくうのあるかなびっと,
180543,CadenzaMaiden,u-z feat.紫咲ほたる,,2023-06-01,MXM,18,,3,,,
180544,ハッピーエンド,technoplanet feat. Kuroto Sion,,2023-06-22,MXM,18,,5,,はっぴーえんど,해피엔드
180545,Juωpscare!!,coTatsu,,2023-06-22,MXM,18,,9,,,jumpscare
180546,D.I.X.,日夜すずり feat. 凜々,,2023-06-22,MXM,18,,2,,,딕스
180547,劇場版ムーニャポヨポヨスッポコニャーゴ ~侵略だいず帝国！ドラマティック宇宙大戦争~,打打だいず,,2023-07-06,MXM,18,,5,,げきじょうばんむーにゃぽよぽよすっぽこんやご　しんりゃくだいずていこく　どらまてぃっくうちゅうだいせんそう,
180548,The EXworld of sound,"Remix by Aoi, Vocal by Kuroa*",,2023-07-06,MXM,18,,8,,,
180549,Shera,MYUKKE.,,2023-07-20,MXM,18,,10,,,
180550,birth,Yu_Asahina,,2023-07-20,MXM,18,,6,,,
180551,Prayer,溝口ゆうま feat. 大瀬良あい,,2023-07-20,MXM,18,,8,,,
180552,うぇるかむ -||祭みっくす||-,忠兵衛,,2023-07-27,MXM,18,,2,,うぇるかむ   さいみっくす,웰컴리믹스
180553,APØCALYPSE RAY,xi,,2023-08-09,EXH,18,,5,,,아포칼립스레이 / 아포레이 / apocalypseray
180554,忘れないように、失くさないように,Mono.,,2023-08-09,MXM,18,TRICKY,1,170 (150-208),わすれないように　なくさないように,
180555,Marielle,ゆんゆん,,2023-08-09,MXM,18,,8,,,
180556,ΣMERGENCY CODΣ,概念,,2023-08-09,MXM,18,,8,,,이머전시코드
180557,BLISS,ミハイル + K.key,,2023-08-09,MXM,18,,4,,,
180558,パーフェクトイーター,"BEMANI Sound Team ""PON"" feat.かなたん",,2023-08-09,MXM,18,,4,,ぱーふぇくといーたー,퍼펙트이터
180559,累乗のカルマ,めと（Metomate）,,2023-08-09,MXM,18,,7,,るいじょうのかるま,누승의카르마
180560,stellar rain,"BEMANI Sound Team ""PHQUASE""",,2023-08-17,MXM,18,,5,,,
180561,THE PEERLESS UNDER HEAVEN,"Yuta Imai Vs. BEMANI Sound Team ""L.E.D.-G""",,2023-08-17,MXM,18,,5,170,,
180562,suspicions,"BEMANI Sound Team ""猫叉Master VS dj TAKA""",,2023-08-17,MXM,18,,1,,,
180563,Voice 7 Voice!!!!!!!,かめりあ feat. ななひら,,2023-08-31,MXM,18,,2,,,보나보
180564,ませまてぃっく♡ま＋ま＝まじっく！ ～徹夜の追込みエナジーまっくす！～,KAH feat.こにゃばた,,2023-08-31,MXM,18,,10,,てつやのおいこみえなじーまっくす,
180565,KAMAITACHI,DJ TECHNORCH fw. GUHROOVY,,2023-09-07,MXM,18,,6,,,
180566,Amazing Mirage,lapix,,2023-09-07,MXM,18,,7,,,어메이징미라주 / 어메이징미라지
180567,Please Welcome Mr.C,C-Show,,2023-09-07,MXM,18,,5,,,
180568,HeaveИ's Rain,モリモリあつし,,2023-09-14,EXH,18,,6,,,
180569,Enter The Rave,Tatsunoshin,,2023-09-14,MXM,18,,4,,,
180570,SHARK IMPACT,ryhki,,2023-09-14,MXM,18,,7,,,
180571,十三不塔,隣の卓は役満(庭師+Aoi),,2023-09-14,MXM,18,,6,,じゅうさんふとう,
180572,リュミレイラ,後藤 feat. nayuta,,2023-09-14,MXM,18,,7,,りゅみれいら,류미레이라
180573,Stylus,"BEMANI Sound Team ""HuΣeR""",,2023-09-20,MXM,18,,5,,,
180574,KINGWORLD,白上フブキ,,2023-10-05,MXM,18,,9,,,
180575,ドリームエンド・サバイバー (Hidra-Xjeil Remix),Hidra-Xjeil,,2023-10-26,MXM,18,,8,,どりーむえんど　さばいばー,드림엔드서바이벌 리믹스
180576,Sayonara Planet Wars(Sot-C  Remix),Sot-C,,2023-10-26,MXM,18,,3,,,
180577,Λkasha,BlackY feat. Risa Yuzuki,,2023-12-07,EXH,18,,3,,,아카샤
180578,TOKAKU=ALMiRAJ,MYUKKE.,,2023-12-07,MXM,18,,3,,,
180579,レインボウ・フレーバー,みーに feat. 杠葉えりか,,2023-12-07,MXM,18,,7,,れいんぼう　ふれーばー,레인보우플레이버
180580,=∴NOMADE∵OTION=,qfeileadh + yuichi NAGAO,,2023-12-07,MXM,18,,2,,,아노마디보션 / 노매디보션 / anomadevotion
180581,随神,影虎。,,2023-12-07,MXM,18,,3,,かんながら,신의뜻대로
180582,ちくわパフェだよ☆ＣＫＰ (Yvya Remix),"Remixed by BEMANI Sound Team  ""Yvya""",,2023-12-21,MXM,18,,4,,ちくわぱふぃだよ,치쿠와리믹스 / 치쿠와 유우야리믹스
180583,めうめうぺったんたん！！ (ZAQUVA Remix),"Remixed by BEMANI Sound Team ""ZAQUVA""",,2023-12-21,MXM,18,,5,,-,메우메우 자쿠바리믹스
180584,アンチグラビティ・ガール,月ノ美兎,,2024-01-25,MXM,18,,3,,あんちぐらびてぃ　がーる,반중력소녀 / 안티그래비티걸
180585,We Are All The Dreamer,Hommarju ft. かぼちゃ,,2024-02-01,MXM,18,,8,,,
180586,Double or Nothing,Tatsunoshin,,2024-02-01,MXM,18,,4,,,
180587,トリコエリヌム▽コンチェルト,qfeileadh,,2024-02-08,MXM,18,,2,,とりこえりぬむ　こんちぇると,토에코에리늄콘체르토
180588,群青纏う朱の槍,めと（Metomate）,,2024-02-08,MXM,18,,4,,ぐんじょうまとうあけのやり,
180589,CHOVERY GOOSE!!!,MYUKKE.,,2024-02-08,MXM,18,,4,,,쵸버리구스 / 초버리구스
180590,V!LLA!N,Kaname,,2024-02-15,MXM,18,,7,,,
180591,TOYBOX CANNØN=͟͟͞ Σ≡=｡ﾟ:*.:+｡.☆,Mono.,,2024-02-15,MXM,18,,6,,,
180592,ON THE WORLD,Yuta Imai,,2024-02-15,MXM,18,,2,,,
180593,Deep tenDon Reflex,"BEMANI Sound Team ""Coyaan""",,2024-02-15,MXM,18,,7,,,DDR
180594,花火のおもちゃ箱,Yu-dachi,,2024-02-22,MXM,18,,1,,はなびのおもちゃばこ,
180595,イグジスター,東雲蛍 feat. はぁち,,2024-02-22,MXM,18,,4,,いぐじすたー,이그지스타
180596,La Nostra Storia!,polysha w/ mikanzil,,2024-02-22,MXM,18,,6,,,
180597,毒杯スワロウ,猫又おかゆ,,2024-02-22,MXM,18,,8,,どくはいすわろう,독배스왈로우
180598,グリーディ・スターズ！,みーに feat. しろさきあや,,2024-02-29,MXM,18,,6,,ぐりーでぃ  すたーず,그리디스타즈
180599,Di-Da-De-Doo,Yu_Asahina ft.Mizutama,,2024-02-29,MXM,18,,3,,,디다데두
180600,Break Through Δpex,Halv feat.Kuroa*,,2024-02-29,MXM,18,,5,,,breakthroughapex
180601,LOVE TONIC,影虎。,,2024-03-07,MXM,18,,4,,,
180602,Inevitable Magic,Alkome,,2024-03-07,MXM,18,,8,,,
180603,Ars Magna,Riz,,2024-03-07,MXM,18,,4,,,
180604,waxing and wanding,青龍,,2024-03-07,MXM,18,,9,,,
180605,Crawl Out Immortal,U-ske feat.Parfaitty,,2024-03-14,MXM,18,,8,,,
180606,異次元の孤独 ～カナタノキミヘ～,RoughSkreamZ feat. Sennzai,,2024-03-14,MXM,18,,3,,いじげんのこどく　かなたのきみえ,이차원의고독 / 카나타노키미에
180607,SΛMVICΛ,seatrus -Reborn-,,2024-03-14,MXM,18,,4,,,
180608,MΔX FLAVØR,EmoCosine overlay,,2024-03-14,MXM,18,,2,,,maxflavor
180609,NEMSYS ARENA World Hexathlon,隣の庭は青い(庭師+Aoi),,2024-04-04,EXH,18,,3,,,
180610,{ eXLIPXe },{ かめりあ },,2024-05-02,EXH,18,,1,,,이클립스
180611,Knew Order,あまみ×ひなみ,,2024-05-02,MXM,18,,7,,,
180612,Ex concordia felicitas,Connexio,,2024-05-02,MXM,18,,7,,,
180613,NO SURRENDER,493Water,,2024-05-02,MXM,18,,5,,,
180614,StellarflightS,otoshi.b,,2024-05-02,MXM,18,,8,,,
180615,ウイジン,"CHUBAY as ""NOVICE""",,2024-05-02,MXM,18,,6,,ういじん,우이진 / ***
180616,Max Burning!! (GαineN Beyond yΩu Remix),概念,,2024-05-23,MXM,18,,4,,,
180617,Appliqué (Vocal Remix),nonomori feat. Nanao,,2024-05-23,MXM,18,,7,,,에필로그보컬리믹스 / 에필로그리믹스 / applique
180618,My song,角巻わため,,2024-06-06,MXM,18,,10,,,
180619,King's Gambit,brz1128,,2024-06-13,MXM,18,,8,,,
180620,HEAVEN KNOWS,U-ske feat.石橋桃,,2024-06-13,MXM,18,,3,,,
180621,七七七夕,Mono. + uynet,,2024-06-13,MXM,18,,9,,なななた,칠칠칠석
180622,Scarlet Pinheel -appassionato-,BlackY,,2024-06-27,MXM,18,,5,,,
180623,ミュージックプレイヤー （J-pop Remix）,technoplanet feat. Risa Yuzuki,,2024-06-27,MXM,18,,7,,みゅーじっくぷれいやー,뮤직플레이어 리믹스
180624,トキノコエト,setu-O meets 駄々子,,2024-07-11,MXM,18,,8,,ときのこえと,토키노코에토
180625,Sweetie Beauti Magic,打打だいず feat. 凜々,,2024-07-11,MXM,18,,3,,,
180626,Two of Wonder Lights,technoplanet feat. Tamako Kinoshita,,2024-07-11,MXM,18,,7,,,
180627,アイの雫,kuro,,2024-07-25,MXM,18,,5,,あいのしずく,아이노시즈쿠 / ***
180628,Almandite,7mai,,2024-07-25,MXM,18,,5,,,앨먼다이트 / 알만다이트
180629,ARACHNE,MAX MAXIMIZER,,2024-08-01,MXM,18,TSUMAMI,4,179,,아라크네
180630,Poochie,kors k,,2024-08-01,MXM,18,,6,,,
180631,Crazy Jackpot,Hommarju,,2024-08-01,MXM,18,,9,,,
180632,閉塞的フレーション,"Pizuya's Cell VS BEMANI Sound Team ""dj TAKA""",,2024-08-07,MXM,18,,9,,へいそくてきふれーしょん,폐색적프레이션
180633,弾幕信仰,"豚乙女×BEMANI Sound Team ""PON""",,2024-08-07,MXM,18,,7,,だんまくしんこう,
180634,∞vitUniverse,Lime,9965,2024-08-29,MXM,18,,8,,,8비트유니버스 / 8bituniverse / 8vituniverse
180635,We Are GamerZ!,Ninja Never DieS!,,2024-08-29,MXM,18,,7,,,
180636,OROCHI STRIKE,"Hommarju & BEMANI Sound Team ""兎々""",,2024-09-12,MXM,18,,4,,,
180637,Blφφdy Cφncertφ,OSTER project & RoughSketch,,2024-09-12,MXM,18,,4,,,블러디콘체르토 / bloodyconcerto
180638,Re:RHYZE,beatnation RHYZE,,2024-09-12,MXM,18,,7,,,
180639,"PANIC HOLIC (かめりあ's ""24600 POWER"" Remix)",かめりあ,,2024-09-26,MXM,18,,5,,,
180640,GIGI BABA (brz_style),brz1128,,2024-09-26,MXM,18,,9,,,
180641,Don't you dare play GOD,technoplanet feat. Tamako Kinoshita,,2024-10-10,EXH,18,,2,,,데어갓
180642,憧憬のファンファーレ,CHUBAY,,2024-10-10,MXM,18,,6,,こうけいのふぁんふぁーれ,
180643,こどもかくしのアンダーランド,iru feat. 桃寝ちのい,,2024-10-10,MXM,18,,5,,こどもかくしのあんだーらんど,코도모카쿠시 / 코도모가쿠시
180644,すべてを賭して,ke-ji,,2024-10-10,MXM,18,,1,,すべてをとして,
180645,Imitated Visions,荒谷サトル,,2024-10-10,MXM,18,,4,,,
180646,Come to Life,ARM (IOSYS) feat. Nicole Curry,,2024-10-24,MXM,18,,10,,,
180647,Ahoy!! 我ら宝鐘海賊団☆,宝鐘マリン,,2024-11-07,MXM,18,,8,,われらほうしょうかいぞくだん,***
180648,幽霊船戦,宝鐘マリン,,2024-11-07,MXM,18,,5,,ゆうれいせんせん,
180649,Kool Awesome Croon,Super Shrimp,,2024-11-21,MXM,18,,7,,,
180650,ØverwriteTheCatastrophe,deli.+駄々子,,2024-11-21,MXM,18,,6,,,
180651,Cumulonimbus,Hidra-Xjeil,,2024-11-21,MXM,18,,6,,,
180652,ΛNXIENT:LEGΛXIEZ,Ashrount,,2024-11-21,MXM,18,,3,,,고대전설 / 에인션트레거시즈
180653,B.B.K.K.B.K.K.(USAO Remix),nora2r Remixed by USAO,,2024-12-05,MXM,18,,5,,,베이스킥리믹스
180654,Everything B.K.,nora2r,,2024-12-05,MXM,18,,3,,,
180655,X1GNUS,BlackY,,2024-12-12,MXM,18,,5,,,
180656,For All The Challengers,cosMo＠暴走P,,2024-12-12,MXM,18,,7,,,
180657,Never Forget Evergreen,黒魔,,2024-12-12,MXM,18,,8,,,
180658,ヴァルプルギスの夜,すっかりBPM200以下の曲を作れない体に改造されてしまった哀れなかぼちゃを見るがいい,,2024-12-12,MXM,18,,4,,ヴぁるぷるぎす の よる,발푸르기스의밤
180659,Little Red Riding Hood,RoughSketch,,2024-12-12,MXM,18,,3,,,빨간모자
180660,一水山風,Enterskip,,2024-12-25,MXM,18,,7,,いっすいやまかぜ***,"일수산풍, 진눈깨비"
180661,永久の粒虹,Yu-dachi,,2024-12-25,MXM,18,,2,,とこしえのりゅうこう,***
180662,Lunatic Mare,Alkome,,2024-12-25,MXM,18,,8,,,
180663,メズマライザー,サツキ,,2025-01-09,MXM,18,,8,,めずまらいざー,메스머라이저
180664,テトリス,柊マグネタイト,,2025-01-09,MXM,18,,8,,てとりす,테토리스
180665,C18H27NO3 (ryhki remix),ryhki,,2025-01-23,MXM,18,,99,,,캡사이신리믹스
180666,大宇宙ステージ奈落変,めと（Metomate）,,2025-01-23,MXM,18,,99,,だいうちゅうすてーじならくへん,
180667,Crack Traxxxx (108x3 BPM Remix),RoughSketch,,2025-01-23,MXM,18,,99,,,
180668,MiRÀi,#EmoCosine,,2025-02-06,MXM,18,,99,,,mirai
180669,reSTART yOUR STORIES,setu-O,,2025-02-06,MXM,18,,99,,,
180670,ぼくらのはじまりのおと,Shiron+こふ×モリモリあつしと提供でお送りしました。,,2025-02-06,MXM,18,,99,,-,
180671,Line markeR,打打だいず,,2025-02-06,MXM,18,,99,,,
180672,全人類　兎化計画！,兎田ぺこら,,2025-02-20,MXM,18,,99,,ぜんじんるい　うさぎかけいかく,
180673,最強女神†ウーサペコラ,兎田ぺこら,,2025-02-20,MXM,18,,9,,さいきょうめがみうさぺこら,
180674,caramel ribbon (Tatsunoshin Remix),Tatsunoshin,,2025-02-27,MXM,18,,99,,,
180675,The world of sound -celestial mix-,BlackY feat. Risa Yuzuki,,2025-02-27,MXM,18,,99,,,
180676,Dynasty -dal segno-,Ashrount,,2025-02-27,MXM,18,,99,,,다이너스티달세뇨
180677,chaplet,DJ TOTTO,,2025-03-13,MXM,18,,99,,,
180678,Our garden is blue.,庭師+Aoi,,2025-03-19,EXH,18,,99,,,
180679,Golden Rotation,xi,,2025-03-19,MXM,18,,99,,,
180680,Jupiter,technoplanet feat. Tamako Kinoshita,,2025-03-19,MXM,18,,99,,,
180681,流転に咲く魂の花,めと（Metomate）,,2025-03-19,MXM,18,,99,,るてんにさくたましいのはな,유전에피는영혼의꽃
180682,Caldwell 99,BlackY,,2025-04-10,MXM,18,,99,,,